{
  "grid_rank": 3,
  "grid_x": 79,
  "grid_y": 97,
  "variant": "leaky_relu",
  "variant_name": "LeakyReLU ResNet",
  "train_loss": [
    66.9209867477417,
    26.60317128499349,
    33.098052999708386,
    33.106818188561334,
    25.149643421173096,
    25.607873397403292,
    29.817857593960234,
    23.9957730823093,
    17.840226554870604,
    22.025960879855685,
    18.36934338675605,
    24.74329660203722,
    20.50179959403144,
    18.897357273101807,
    16.531547843085395,
    20.428225178188747,
    15.579971069759793,
    14.804210503896078,
    23.70635396639506,
    12.807867103152805,
    16.756481011708576,
    13.794322469499376,
    10.520680787828233,
    11.997620222303603,
    14.958489672342937,
    11.738541836208768,
    10.839577913284302,
    8.4541327741411,
    8.485162660810683,
    10.91490814420912,
    8.18563012017144,
    7.807629760106405,
    9.031724368201361,
    7.3394239372677275,
    9.43539243804084,
    8.30015057457818,
    7.00731012556288,
    6.1552147229512535,
    7.198110304938423,
    7.601841629876031,
    7.822395186954075,
    5.377519104215834,
    4.94720163875156,
    4.822782437006633,
    4.850390511088901,
    5.41242102517022,
    4.343191570705837,
    5.693254028426276,
    4.636769919925266,
    5.936214346355862,
    5.597722278700934,
    5.529478491677178,
    4.145916194385952,
    3.6340846750471325
  ],
  "val_loss": [
    16.571001768112183,
    7.342581272125244,
    8.1312016248703,
    7.184868812561035,
    6.100603222846985,
    6.575415134429932,
    6.927734851837158,
    5.793812155723572,
    7.441064715385437,
    6.333627700805664,
    5.460220098495483,
    5.691928148269653,
    5.487024247646332,
    5.7057241797447205,
    6.426133394241333,
    6.001030802726746,
    5.404640793800354,
    5.447400152683258,
    5.152697920799255,
    5.689285576343536,
    5.192662715911865,
    5.382741451263428,
    5.1104713678359985,
    5.694832026958466,
    5.463526427745819,
    5.325026988983154,
    4.800886571407318,
    4.979230105876923,
    4.740833342075348,
    5.063211500644684,
    5.421862483024597,
    5.6244823932647705,
    5.703857243061066,
    5.703384757041931,
    5.182883858680725,
    5.267659485340118,
    5.097305655479431,
    5.297464847564697,
    5.194638192653656,
    5.359064817428589,
    5.169310390949249,
    5.249032735824585,
    5.483949899673462,
    5.417299330234528,
    5.3628265261650085,
    5.467586040496826,
    5.765913963317871,
    6.055704951286316,
    5.426425278186798,
    5.416425466537476,
    5.3464226722717285,
    5.361568331718445,
    5.157807171344757,
    5.567241430282593
  ],
  "best_val_loss": 4.740833342075348,
  "burst_threshold": 16.63909733105116
}