{
  "grid_rank": 2,
  "grid_x": 80,
  "grid_y": 92,
  "variant": "leaky_relu",
  "variant_name": "LeakyReLU ResNet",
  "train_loss": [
    1537.8432074652778,
    822.0281758626302,
    311.613663397895,
    96.95254542032878,
    60.26390791998969,
    59.87100321451823,
    52.708737182617185,
    51.76705741882324,
    51.597070863511824,
    48.98746320936415,
    42.7377384185791,
    49.51476970248752,
    43.82936613294813,
    37.600277201334634,
    41.70923347473145,
    38.28576363457574,
    38.14589072333442,
    36.64381595187717,
    34.979442257351344,
    33.22946158515082,
    31.614562924702962,
    33.19858909183078,
    35.122488509284125,
    29.75516488817003,
    30.926041306389703,
    27.02893975575765,
    28.60241224500868,
    29.28433106740316,
    31.53310572306315,
    28.082607311672636,
    25.366062842475042,
    26.662717141045466,
    22.7669064839681,
    24.24652294582791,
    23.033499336242677,
    21.502830844455296,
    23.1288972430759,
    23.565983941819933,
    22.239292505052354,
    18.48350033230252,
    20.5058039771186,
    22.309748628404407,
    19.01906172434489,
    17.77858689626058,
    17.963295237223306,
    19.514601749844022,
    16.867570474412705,
    18.026276090410022,
    19.149515448676215,
    17.007207171122232,
    18.02318426767985,
    16.781465276082358,
    15.18288033803304,
    15.648552703857423,
    15.89285577138265,
    15.303449037339952
  ],
  "val_loss": [
    806.6005630493164,
    298.66632957458495,
    158.56243782043458,
    42.48977966308594,
    30.19239225387573,
    36.783423042297365,
    32.130781698226926,
    37.63696441650391,
    31.302444744110108,
    31.59605689048767,
    26.29029197692871,
    34.91128797531128,
    29.90376796722412,
    33.61067667007446,
    30.439269828796387,
    27.606984901428223,
    27.904087924957274,
    27.283826732635497,
    25.21284770965576,
    30.73647518157959,
    32.15389404296875,
    30.78473815917969,
    28.23362250328064,
    32.48819303512573,
    28.84171943664551,
    28.8902024269104,
    26.830702018737792,
    26.02849760055542,
    28.692828369140624,
    25.344456291198732,
    24.404336166381835,
    27.14379816055298,
    25.687311458587647,
    25.68851432800293,
    25.82209701538086,
    25.203260326385497,
    49.271619415283205,
    24.415844535827638,
    26.735567474365233,
    35.61081104278564,
    29.803641319274902,
    53.46699934005737,
    27.14935436248779,
    29.021447563171385,
    28.258155727386473,
    25.03319730758667,
    28.784718894958495,
    28.275191879272462,
    27.39305648803711,
    26.71674852371216,
    25.00358533859253,
    25.326854515075684,
    29.436478042602538,
    28.769970512390138,
    31.37241268157959,
    28.445943450927736
  ],
  "best_val_loss": 24.404336166381835,
  "burst_threshold": 62.58107952945664
}