{
  "grid_rank": 1,
  "grid_x": 80,
  "grid_y": 95,
  "variant_name": "wide",
  "variant_description": "3 blocks, 256 hidden, ReLU (wider)",
  "train_losses": [
    2103.241101074219,
    518.0848900689019,
    190.30100657145184,
    120.94114727444119,
    107.04795269436306,
    104.90951512654622,
    85.42768173217773,
    89.48750178019206,
    84.0792728000217,
    71.95073119269478,
    79.71846677992079,
    67.20102700127495,
    68.00832121107314,
    65.19599787394206,
    71.36688944498698,
    60.765742195977104,
    59.72531594170464,
    52.03553949991862,
    57.14234441121419,
    56.81862059699164,
    50.46667404174805,
    46.307384702894424,
    47.830367448594835,
    51.02259347703722,
    53.30464736090766,
    44.39789026048448,
    39.507621680365666,
    45.48222575717502,
    49.7461370256212,
    40.29073698255751,
    45.15399670071072,
    43.05054520501031,
    36.588970014784074,
    31.74113500383165,
    30.994815190633137,
    28.476466687520347,
    26.558812120225696,
    28.538813633388944,
    26.03267332712809,
    28.94606458875868,
    25.615700827704536,
    23.606391440497504,
    23.972877417670357,
    23.833383093939887,
    21.658889219495986,
    19.854526307847763,
    21.245014678107367,
    19.28994206322564,
    20.74310145907932,
    21.600402408176,
    21.70103225708008,
    21.752277331882052,
    18.82862663269043,
    18.968573252360027,
    17.18474949730767,
    19.879934522840713,
    17.151409721374513,
    16.11609740787082,
    15.91509386698405
  ],
  "val_losses": [
    699.352881120488,
    205.05453026103464,
    87.65361626772957,
    65.18996145890996,
    62.096402295770496,
    65.20177508675478,
    102.56018188802953,
    56.10447831587358,
    57.123862955021984,
    54.31164120352842,
    51.79700002823284,
    52.628165097160135,
    51.20683922997133,
    58.97397383011599,
    71.4940383829535,
    51.25660003825305,
    51.331780418355194,
    53.55717531500016,
    63.81998643518131,
    49.64162873456822,
    49.39450854541146,
    60.143702093930166,
    60.45178324653503,
    51.35711965713909,
    59.543096940147684,
    56.38947483817524,
    50.701955907485065,
    68.74934407606482,
    56.38817724952086,
    51.71573747033104,
    57.15775243993749,
    55.82734239547648,
    47.60016465824555,
    46.790788803508576,
    47.95007554732542,
    49.092669277905145,
    52.7537925638617,
    50.577635780375275,
    52.72849616392411,
    58.333302441765284,
    50.5521256349941,
    52.49114625084209,
    50.140399137282756,
    56.73578906951741,
    48.94151161316244,
    51.7627348466353,
    51.233255029362155,
    51.498007810052066,
    49.69845954364634,
    52.91961781098881,
    52.28735795250551,
    52.029849475717796,
    50.31476533859171,
    53.48790483933719,
    51.086282964696224,
    52.69225486714572,
    51.79651005382844,
    53.65088504648464,
    51.47438846934926
  ],
  "best_val_loss": 46.790788803508576,
  "final_epoch": 59,
  "train_time_seconds": 63.64325165748596,
  "burst_threshold": 57.504463852658155
}