{
  "grid_rank": 3,
  "grid_x": 79,
  "grid_y": 97,
  "variant": "gelu",
  "variant_name": "GELU ResNet",
  "train_loss": [
    69.18274921841092,
    37.8912183549669,
    28.07662974463569,
    25.755723179711236,
    21.83257310655382,
    23.929465770721436,
    18.96969904369778,
    19.99403937657674,
    19.540601359473335,
    18.39236036936442,
    19.40964077313741,
    21.22949413723416,
    20.22100641462538,
    16.21826145384047,
    17.735435326894123,
    14.909348842832777,
    13.559290652804904,
    15.687687105602688,
    16.017901950412327,
    13.187878566318089,
    12.80371495352851,
    16.356453567081026,
    14.811516359117295,
    9.640029546949599,
    10.3361465771993,
    8.766231266657512,
    10.417519230312772,
    7.155124182171292,
    7.459889984130859,
    7.9486327754126656,
    7.688152911927965,
    7.180204115973579,
    7.381212414635552,
    5.678710985183716,
    7.107522646586101,
    6.328968397776285,
    7.7531362586551245
  ],
  "val_loss": [
    27.578484058380127,
    9.886636734008789,
    8.490537166595459,
    7.014235615730286,
    10.791905164718628,
    6.848405480384827,
    6.831600666046143,
    5.975340962409973,
    6.2071369886398315,
    8.147743463516235,
    7.298211574554443,
    5.539283037185669,
    5.8078166246414185,
    5.946802020072937,
    6.316977381706238,
    6.409411191940308,
    6.18183958530426,
    6.47785222530365,
    6.65303897857666,
    6.496129870414734,
    5.940421223640442,
    6.572982311248779,
    5.694478511810303,
    6.098314523696899,
    6.060415506362915,
    5.793539524078369,
    5.702202677726746,
    5.745395064353943,
    5.77579939365387,
    5.98877739906311,
    5.845560789108276,
    6.365316033363342,
    6.377458810806274,
    5.996597051620483,
    5.81422483921051,
    5.699452996253967,
    5.949742317199707
  ],
  "best_val_loss": 5.539283037185669,
  "burst_threshold": 16.63909733105116
}