{
  "grid_rank": 2,
  "grid_x": 80,
  "grid_y": 92,
  "variant": "wide",
  "variant_name": "Wide ResNet",
  "train_loss": [
    1021.3355231391059,
    222.68372989230687,
    69.42092344495985,
    60.866157658894856,
    51.28731168111165,
    47.69323887295193,
    47.42245830959744,
    50.31944046020508,
    39.77784216139052,
    42.488998370700415,
    41.73220566643609,
    35.44322124057346,
    40.19520026312934,
    35.038451788160536,
    31.775459077623154,
    30.442888196309408,
    31.60404298570421,
    31.13452830844455,
    31.780809042188856,
    26.756860733032227,
    24.026994027031794,
    25.386215612623428,
    24.362910991244846,
    24.570061196221246,
    26.715378782484265,
    27.198122596740724,
    23.261082394917807,
    21.47912720574273,
    23.11462934282091,
    21.225657314724394,
    19.27969453599718,
    20.969520801968045,
    20.103450075785318,
    20.014602597554525,
    18.490519862704808,
    18.53208262125651,
    19.89469156265259,
    18.698287942674426,
    19.84317406548394,
    17.086519707573785,
    19.43788113064236,
    16.905445745256213,
    16.83533367580838,
    14.459248362647163,
    13.367887592315673,
    13.042770110236274,
    11.857583459218343,
    11.189799986945259,
    10.288200346628825,
    10.827922529644436,
    11.412931346893311,
    11.051517656114367,
    10.638025071885851,
    11.014949459499784,
    12.029070123036702,
    9.936031362745497,
    9.315780459509956
  ],
  "val_loss": [
    386.2269172668457,
    74.2814905166626,
    34.41403350830078,
    33.129248428344724,
    29.421398544311522,
    35.33953704833984,
    31.814107608795165,
    26.69792470932007,
    29.876801204681396,
    29.173668003082277,
    28.133591842651366,
    29.639027786254882,
    30.25069546699524,
    27.956727695465087,
    31.64605393409729,
    34.570771312713624,
    26.031844997406004,
    30.315392112731935,
    34.2281569480896,
    33.311960554122926,
    30.348151874542236,
    32.318292236328126,
    27.68498468399048,
    43.429413890838624,
    25.10154800415039,
    30.61424312591553,
    33.5865138053894,
    26.197624301910402,
    27.84977436065674,
    34.786522483825685,
    27.47205696105957,
    25.07592363357544,
    38.14674606323242,
    29.201447868347167,
    26.954626750946044,
    29.09170045852661,
    26.5302312374115,
    29.374974060058594,
    32.775941944122316,
    29.490334939956664,
    34.35586714744568,
    36.098260498046876,
    31.19344358444214,
    29.76106400489807,
    30.216905689239503,
    31.88526883125305,
    30.58680191040039,
    29.47880964279175,
    28.721653270721436,
    32.17304306030273,
    38.89209275245666,
    30.84090175628662,
    30.498692083358765,
    29.30753993988037,
    32.094911098480225,
    31.964779663085938,
    29.214949703216554
  ],
  "best_val_loss": 25.07592363357544,
  "burst_threshold": 62.58107952945664
}