{
  "grid_rank": 1,
  "grid_x": 80,
  "grid_y": 95,
  "variant_name": "baseline",
  "variant_description": "3 blocks, 128 hidden, ReLU",
  "train_losses": [
    3141.1519517686634,
    1412.7272216796875,
    653.4687479654948,
    312.1221389770508,
    185.76564856635198,
    129.96684426201713,
    95.06391313340929,
    112.45889909532335,
    93.43140513102213,
    84.0088498433431,
    76.30115263197158,
    82.99402512444391,
    71.35196999443902,
    76.00923851860894,
    82.16682798597547,
    85.83450631035699,
    73.51493513319227,
    69.7384396870931,
    64.75650147332085,
    58.76076872083876,
    56.391395526462134,
    63.201683553059894,
    58.69030210706923,
    58.14741685655382,
    57.34651226467557,
    50.16419800652398,
    44.31374422709147,
    45.51377699110243,
    51.0596863216824,
    39.67698525322808,
    41.75824652777778,
    42.27659403483073,
    45.86316235860189,
    46.17266680399577,
    39.757619349161786,
    37.70028025309245,
    34.93979309929742,
    35.41920666164822
  ],
  "val_losses": [
    1747.6221303684827,
    890.9270724536264,
    440.23915744720296,
    165.7585477369992,
    123.1219977312547,
    71.61214400102747,
    56.87119568605474,
    59.23932419231231,
    58.30522659628149,
    56.93319290079535,
    62.20500709411295,
    59.431148569851636,
    52.057708679036026,
    54.02006677637763,
    68.77925148622238,
    54.30453933879016,
    61.876419434572924,
    53.962134192971625,
    63.929724749396826,
    62.1113529511314,
    58.104108759426175,
    59.10034036891346,
    52.25206330243279,
    61.774167065951914,
    53.88967926106989,
    58.08977012838272,
    56.46881739978484,
    57.71608397539924,
    56.28215318567612,
    55.49283287741921,
    59.535160493085726,
    53.87647547186377,
    67.06414121740005,
    57.40154403033741,
    57.46745334972035,
    54.04407705215209,
    54.599809371213865,
    57.70307938682842
  ],
  "best_val_loss": 52.057708679036026,
  "final_epoch": 38,
  "train_time_seconds": 30.880696535110474,
  "burst_threshold": 57.504463852658155
}