{
  "grid_rank": 1,
  "grid_x": 80,
  "grid_y": 95,
  "variant_name": "leaky_relu",
  "variant_description": "3 blocks, 128 hidden, LeakyReLU",
  "train_losses": [
    2938.463232421875,
    1253.363730875651,
    561.1577124701606,
    282.53765953911676,
    158.88414866129557,
    127.1388799879286,
    100.86960669623481,
    121.09657372368707,
    97.3410046895345,
    93.64465340508355,
    81.05726170010037,
    78.09314549763998,
    76.1097780863444,
    75.95689459906684,
    69.22209896511502,
    70.313650004069,
    93.15123926798502,
    73.22504196166992,
    68.75231975979275,
    59.7677177005344,
    56.698667695787215,
    65.83976698981391,
    57.92476378546821,
    55.26431969536675,
    57.86067992316352,
    57.26233974032932,
    53.099666086832684,
    52.98477444118924,
    52.51810120476617,
    46.90492295159234,
    51.992377048068576,
    52.69516317579481,
    52.64357626173231,
    51.722330729166664,
    43.72083778381348,
    47.45571806165907,
    44.9388441297743,
    43.23573354085286,
    48.15343996683757,
    44.72768232557509,
    45.80540542602539,
    37.30318959554037,
    41.12965986463759,
    37.4251078499688,
    40.49053738911947,
    38.64549579620361,
    33.29537590874566,
    33.0555023405287,
    28.24108102586534,
    27.592150666978625,
    29.104300689697265,
    27.815995703803168,
    27.459864468044707,
    29.635738330417208,
    32.62903692457411,
    24.1882017771403,
    24.0928224351671,
    24.074669901529948,
    25.141081195407445,
    24.66102867126465,
    27.55201897091336,
    25.49528520372179,
    24.87347043355306,
    27.418796560499402,
    23.562388208177353,
    26.71954811943902,
    23.437419679429794,
    23.47650294833713,
    24.057330576578774,
    28.036634254455567,
    23.08531845940484,
    23.5140720155504,
    28.67414141760932,
    27.06590076022678,
    25.230169783698187,
    22.0467894660102,
    22.353972138298882,
    22.447593392266167,
    23.469550598992242,
    20.252800199720596,
    21.530434078640408,
    23.686567327711316,
    20.422638617621526,
    19.00760203467475,
    17.73257687886556,
    19.847736252678764,
    19.374034055074056,
    21.406107266743977,
    21.183285819159615,
    17.955761506822373,
    18.309012031555177,
    18.26251547071669,
    20.06195786794027,
    15.534968831804063,
    17.351494767930774,
    15.422643703884548,
    16.729760360717773,
    16.477819951375327,
    16.333609856499567,
    15.372928025987413,
    14.432228045993382,
    16.11903476715088
  ],
  "val_losses": [
    1748.0039852366729,
    707.7606560202206,
    283.4347195548807,
    123.79889177128592,
    88.3600478554792,
    75.39729859867198,
    74.08338222401665,
    65.0308608192811,
    57.03620302740903,
    55.081241240475904,
    61.71268157143006,
    59.20272445678711,
    57.91065081428079,
    56.208847535485255,
    62.86908938158005,
    64.35652560473763,
    66.62501582997368,
    54.36382934243921,
    56.768029258850426,
    58.474828342702935,
    64.23050589739958,
    58.912777253013246,
    51.22451266120462,
    49.8578061394513,
    86.21719670423212,
    52.44664174860174,
    60.8240505769291,
    57.46682586261933,
    53.94267670738506,
    62.20935935770127,
    49.636769238640284,
    76.03367675944446,
    59.990838606727316,
    51.56409599181803,
    53.92633468709528,
    47.36897820457418,
    64.24694571265562,
    52.73653509782597,
    61.491935954374426,
    54.63192394072997,
    50.25585815103296,
    50.46289152257583,
    51.790352010471935,
    51.281390409418606,
    58.5011118516565,
    50.07142987990762,
    53.043890988763,
    48.90762118987221,
    46.82521410039402,
    49.11512170883424,
    56.973356563139724,
    48.94712656194513,
    48.882265019544306,
    52.89673314630029,
    46.325917922239256,
    46.753880954681236,
    52.78525412656407,
    51.85489840176016,
    48.114283352612176,
    46.585437285071386,
    46.860354418423086,
    48.381579822397484,
    46.920797541817244,
    48.82099194450174,
    49.17120459245488,
    45.82623313455021,
    47.858277774749595,
    49.04502968609652,
    48.380852622781845,
    48.463771350881,
    51.1358709896312,
    51.82113649500882,
    44.99734309395367,
    51.793509070248525,
    49.94320189124122,
    48.2814808401832,
    44.5219348968669,
    49.622321837726126,
    47.480696509866156,
    48.372272144664414,
    49.21096359089734,
    46.715352043111054,
    49.36406434411034,
    46.813022042340776,
    52.30703882227607,
    48.43856226059205,
    46.21907461645769,
    45.892818491726636,
    46.491640284737166,
    49.556549704648596,
    48.58709133372587,
    51.69372173044133,
    44.874930172680536,
    48.23074057267949,
    46.846796596751496,
    45.05800320630405,
    48.0889728566542,
    46.05863534447981,
    46.10245397639147,
    47.7714035319772,
    45.5269956333752,
    44.96644763640541
  ],
  "best_val_loss": 44.5219348968669,
  "final_epoch": 102,
  "train_time_seconds": 73.85649585723877,
  "burst_threshold": 57.504463852658155
}