{
  "grid_rank": 3,
  "grid_x": 79,
  "grid_y": 97,
  "variant": "baseline",
  "variant_name": "Baseline ResNet",
  "train_loss": [
    74.09107413821751,
    31.205476082695856,
    32.22135798136393,
    27.48633155822754,
    28.08571980794271,
    23.31479819615682,
    21.33559535344442,
    20.96181230545044,
    22.394621308644613,
    19.907197337680394,
    18.89814173380534,
    15.736899248758952,
    18.005865573883057,
    17.925310876634384,
    19.17414534356859,
    19.18703031010098,
    15.313154655032688,
    15.53640980190701,
    14.668638732698229,
    16.4389147705502,
    12.966929785410564,
    12.59405354393853,
    11.404603343539767,
    10.855382606718276,
    12.639938137266371,
    14.683483918507894,
    10.451391622755263,
    8.143604442808364,
    9.990900961558024,
    8.34618296093411,
    10.047261322869195,
    9.56475797759162,
    9.495208077960545,
    12.36367105378045,
    9.983256334728665,
    7.429306570688883,
    7.4696851889292395,
    6.641900258594089,
    10.868020682864719,
    13.37310660680135,
    7.571366665098402,
    6.109302197562323,
    6.694686651229858,
    5.823734352323744,
    5.302014684677124,
    5.194720933172438,
    5.083157046635946,
    4.951070062319437,
    5.81377960311042,
    4.825994454489814,
    4.98344464302063,
    5.47473894490136,
    4.864621840582954,
    4.803019120958116,
    4.065532101525201,
    4.3278033839331735
  ],
  "val_loss": [
    15.522937059402466,
    8.501891255378723,
    6.413297533988953,
    6.97876763343811,
    7.515495419502258,
    6.744207501411438,
    6.334882378578186,
    9.88024640083313,
    6.198811888694763,
    8.539996862411499,
    5.937668204307556,
    7.268217086791992,
    6.0871992111206055,
    5.573538661003113,
    5.444595515727997,
    5.67226254940033,
    6.006275653839111,
    5.438246309757233,
    5.5883989334106445,
    5.824570655822754,
    5.317603826522827,
    5.354119658470154,
    5.181729078292847,
    5.622456431388855,
    5.101130187511444,
    6.058519244194031,
    5.351716876029968,
    5.355450749397278,
    5.540725231170654,
    5.111472487449646,
    4.95735502243042,
    5.458007335662842,
    6.0330294370651245,
    5.217435956001282,
    5.54980206489563,
    5.596739411354065,
    5.2112085819244385,
    5.7546902894973755,
    6.892240285873413,
    6.788621664047241,
    5.298039734363556,
    6.271222829818726,
    5.552245497703552,
    5.483053922653198,
    5.425559639930725,
    5.727976560592651,
    5.883697748184204,
    5.3965984582901,
    5.4872846603393555,
    5.666185140609741,
    5.669214963912964,
    5.684591770172119,
    5.444023370742798,
    5.70098090171814,
    5.78108274936676,
    5.5077372789382935
  ],
  "best_val_loss": 4.95735502243042,
  "burst_threshold": 16.63909733105116
}