{
  "grid_rank": 2,
  "grid_x": 80,
  "grid_y": 92,
  "variant": "deep",
  "variant_name": "Deep ResNet",
  "train_loss": [
    1099.555315483941,
    244.60334218343098,
    87.26381344265408,
    64.62745649549696,
    57.746121342976885,
    57.68226280212402,
    56.077267201741535,
    46.939468214246965,
    46.56473028394911,
    47.195523749457465,
    41.6548833211263,
    39.69116240607367,
    39.17411109076606,
    37.68270916408963,
    34.779816182454425,
    34.798246235317656,
    33.90412241617839,
    40.0907654232449,
    33.52944802178277,
    31.180234485202366,
    28.215272691514755,
    27.541055976019965,
    29.609284358554415,
    25.79409885406494,
    26.784374533759223,
    27.045599534776475,
    24.722387716505263,
    28.037307103474934,
    20.942845895555283,
    25.786283281114365,
    18.538361464606393,
    19.092009374830457,
    18.486381573147245,
    23.888300726148817,
    16.830295753479003,
    17.830854754977757,
    17.201612832811144,
    19.88004115422567,
    17.66812778049045,
    16.56908253563775,
    19.106400871276854,
    17.75219669342041,
    15.814516915215385,
    14.299237145317925
  ],
  "val_loss": [
    253.02204360961915,
    56.835425567626956,
    38.319496870040894,
    36.462784099578855,
    32.16876449584961,
    35.51162786483765,
    30.03018307685852,
    31.657847309112547,
    28.76168727874756,
    29.521428251266478,
    29.392513942718505,
    27.356563568115234,
    29.79484043121338,
    36.17872772216797,
    25.56390838623047,
    27.74464340209961,
    28.361164569854736,
    33.17081909179687,
    23.473755264282225,
    27.50673837661743,
    31.134018325805663,
    24.971918678283693,
    23.543154525756837,
    24.58003158569336,
    30.81305866241455,
    27.893359851837157,
    26.295297622680664,
    25.77784147262573,
    26.252598571777344,
    27.4321852684021,
    24.555663299560546,
    27.976988315582275,
    27.06182975769043,
    26.966463088989258,
    26.815288639068605,
    27.583975410461427,
    29.408494663238525,
    27.617164134979248,
    25.78730902671814,
    28.79182653427124,
    30.8217435836792,
    25.43470287322998,
    26.311926794052123,
    26.17816514968872
  ],
  "best_val_loss": 23.473755264282225,
  "burst_threshold": 62.58107952945664
}