{
  "grid_rank": 1,
  "grid_x": 80,
  "grid_y": 95,
  "variant_name": "deep",
  "variant_description": "6 blocks, 128 hidden, ReLU (deeper)",
  "train_losses": [
    2464.816370985243,
    673.5896775987413,
    254.19185655381943,
    145.3147910224067,
    131.9867897881402,
    104.36701516045464,
    109.76271175808377,
    106.67993172539605,
    98.50751614040799,
    86.03816307915582,
    82.8456162346734,
    81.3947858174642,
    78.10355724758573,
    83.12989417182075,
    85.5240965101454,
    76.82845577663845,
    68.83947698805068,
    73.48398835923936,
    65.61532728407118,
    67.81352725558811,
    66.05697750515408,
    60.81652645534939,
    51.04310128953722,
    49.01405491299099,
    48.40711652967665,
    49.9181096818712,
    40.0645502726237,
    43.93240237765842,
    43.35191807217068,
    42.79853416019016,
    44.44893425835504,
    39.19105915493435,
    41.216910468207466,
    39.92818866305881,
    39.91564326816135,
    35.538619401719835,
    46.548665110270186,
    37.43099454243978,
    37.04330249362522,
    38.83567996554905,
    36.4572573767768,
    38.824932140774195,
    36.151713095770944,
    34.18326530456543,
    39.793144861857094,
    38.45526156955295,
    32.68174631330702,
    32.18370323181152,
    31.40270470513238,
    34.534649488661024,
    35.167077954610185,
    31.361725955539278,
    26.859507518344454,
    34.551137775845,
    30.582855881585015,
    31.911370764838324,
    30.95226893954807,
    27.850275188022188,
    28.545219230651856,
    28.00071349673801,
    27.30103168487549,
    31.380594232347278,
    32.57821125454373,
    27.37637816535102,
    29.101242531670465,
    24.193041970994738,
    28.709447797139486,
    27.48005568186442,
    31.485707410176595,
    24.028176053365073,
    22.79050089518229,
    29.667956882052952,
    27.61287676493327,
    25.467904832628037,
    22.849831453959148,
    23.98102881113688,
    26.222024091084798,
    24.099947102864583,
    24.582579803466796,
    20.48878551059299,
    23.618675253126355,
    23.883862198723687,
    23.00994453430176,
    26.943582598368327,
    26.81245729658339,
    22.329105165269638,
    20.611816702948676,
    18.87376552157932,
    18.927664544847275,
    19.54549700419108,
    16.54251807530721,
    17.04660479227702,
    17.23072607252333,
    20.696151606241862,
    16.72489390903049,
    16.744367112053766,
    19.80010333591037,
    17.615058030022514,
    16.315955543518065,
    15.744171524047852,
    17.85264557732476,
    19.242215559217666,
    16.339186435275607,
    14.965143669976129,
    16.849137581719294,
    16.437583435906305,
    17.09758758544922,
    15.237162208557129,
    13.888232273525661,
    14.6366423924764,
    15.72302673127916,
    16.855649418301052,
    15.909438027275932,
    15.300893931918674,
    16.218150318993462,
    17.81851289537218,
    16.58164643181695,
    14.162900882297093,
    14.109394115871853,
    13.476912530263265,
    14.009855249192979,
    13.685945235358345,
    13.259832255045573,
    12.808511712816026,
    13.60398178100586,
    12.217892615000407,
    12.342694038814969,
    12.425417931874593,
    12.73594232135349,
    11.857164891560872,
    12.8439330206977,
    12.299643336402045,
    10.854455661773681,
    11.297441758049859
  ],
  "val_losses": [
    1240.0063920454545,
    354.8588831284467,
    114.86569026192242,
    97.89278513862487,
    106.69495187851197,
    59.52464414790352,
    101.5910315284117,
    66.76389971646395,
    68.15938865947213,
    56.26949232784822,
    50.727626351749194,
    53.1902234694537,
    56.00525381730839,
    58.874768751827794,
    52.987158239844014,
    69.28230436600465,
    61.529147489823124,
    58.843638945390836,
    53.32451490922408,
    60.538971334855184,
    53.52188457142223,
    55.30584802474568,
    50.37650541825728,
    49.492961924343824,
    51.18561545795298,
    53.48714391942968,
    49.75539630747097,
    51.38154185901988,
    50.52952312530681,
    49.77429395053476,
    49.715862620960586,
    48.19967100582021,
    50.060712549138195,
    52.66642251244203,
    61.39183974648542,
    51.558488264440854,
    50.141625205463264,
    51.987121459634544,
    53.423993421748364,
    47.15801744920047,
    49.836934431351445,
    49.877905146960906,
    49.02522069757635,
    54.47170226969183,
    62.46732407840178,
    48.58355431378207,
    49.59490165098466,
    47.736155668044475,
    52.29716232626196,
    49.68677581950305,
    46.199273124735626,
    46.13688648448271,
    48.06866954864665,
    48.794894356141114,
    54.2112507947626,
    55.31585511804264,
    46.32270285662483,
    45.017786311593284,
    45.34587827468301,
    46.70764041839436,
    47.759252966406514,
    52.02821688728537,
    47.538185017631655,
    50.31116380538533,
    44.817388330551395,
    46.84252428880988,
    48.968420548872515,
    44.62466185870655,
    48.03476743647121,
    46.66480516239921,
    48.00580656082235,
    46.43040043019993,
    51.3840753177908,
    47.24225220705736,
    41.169544168972074,
    47.44202363937296,
    45.360792517024564,
    46.74104588554505,
    45.88444235490605,
    58.63769653646704,
    47.6197113608294,
    44.4339572988092,
    50.525047730634554,
    41.866049588045335,
    43.26940763952898,
    45.36306750455642,
    43.15874833091695,
    42.89405529001817,
    42.692916084738336,
    44.61682604213449,
    42.256086176091976,
    42.406475801518894,
    41.1982464611849,
    40.99359813220998,
    43.854621438419116,
    43.66570602253797,
    41.92232107478667,
    40.928622383484864,
    42.67671532044436,
    41.867163438847996,
    43.07052760200705,
    42.00463511217087,
    42.400061500263725,
    42.86374784663399,
    44.03204819990352,
    52.76009962520497,
    42.43921219728847,
    42.26089213366177,
    40.3757655097839,
    43.21626320497237,
    45.81065005542123,
    42.605369027285654,
    44.30714296147148,
    42.35633337051473,
    49.28866114080908,
    45.3217394619702,
    41.80052823561398,
    43.15718314226936,
    43.54273578827394,
    42.92537617810907,
    42.62461169645748,
    41.92651655839726,
    42.92954133793632,
    43.55219839983445,
    42.65060503342573,
    44.71927199134215,
    42.50764868221181,
    42.212447324538616,
    44.88853727942482,
    43.364325865067265,
    42.78289581747616,
    41.95922673067307,
    41.826970533891156,
    42.65169194675384
  ],
  "best_val_loss": 40.3757655097839,
  "final_epoch": 134,
  "train_time_seconds": 182.73567914962769,
  "burst_threshold": 57.504463852658155
}