{
  "grid_rank": 2,
  "grid_x": 80,
  "grid_y": 92,
  "variant": "gelu",
  "variant_name": "GELU ResNet",
  "train_loss": [
    1412.9142483181424,
    690.5369025336372,
    256.4934078640408,
    96.9334733751085,
    55.43038482666016,
    55.22925775316026,
    47.91840544806586,
    50.64326006571452,
    43.64712668524848,
    50.725632688734265,
    42.9466259850396,
    41.158595657348634,
    41.97886356777615,
    37.46612735324436,
    34.4389347076416,
    36.724381849500865,
    35.62165217929416,
    35.107134924994575,
    31.313541327582467,
    31.142761039733887,
    31.46309608883328,
    28.011409187316893,
    27.257960044013128,
    27.320298767089845,
    27.433363151550292,
    27.6132355372111,
    29.39211762746175,
    26.027753999498156,
    25.061784341600205,
    24.840160009596083,
    27.379348542955185,
    23.0007570054796,
    24.36688755883111,
    25.172786564297148,
    22.856931898328995,
    23.92074337005615,
    21.515552393595378,
    18.600534439086914,
    18.714211739434138,
    17.824838744269478,
    19.51423994700114,
    18.155697992112902,
    16.64457812839084,
    16.259912406073678,
    15.950118891398112,
    16.80484398735894,
    17.61810868581136,
    17.626874192555746,
    16.129249657524955,
    16.72763803270128,
    15.476603359646267,
    16.325880813598634,
    14.846368185679118,
    14.728263833787706,
    14.111236349741619,
    15.028317949506972,
    14.099399630228678,
    14.280248652564154,
    13.398738871680365,
    14.216616948445639,
    13.567966747283936,
    12.42338171005249,
    13.821951007843017,
    13.152684879302978,
    12.407288445366753,
    12.193640020158556
  ],
  "val_loss": [
    750.7198059082032,
    293.5878273010254,
    75.32187538146972,
    43.09674186706543,
    41.73314504623413,
    32.9070659160614,
    32.56730499267578,
    29.41989393234253,
    32.17934103012085,
    32.38214998245239,
    27.032049655914307,
    28.437302684783937,
    32.54900932312012,
    27.29754877090454,
    27.627496910095214,
    30.018427848815918,
    30.63750638961792,
    28.216037273406982,
    28.27546920776367,
    26.33714380264282,
    29.716823196411134,
    28.360744762420655,
    30.144695472717284,
    32.101243019104004,
    33.18574180603027,
    29.596370792388917,
    25.591903686523438,
    28.568242645263673,
    47.31215896606445,
    31.039311122894286,
    28.036933994293214,
    29.275679111480713,
    37.65471076965332,
    29.309445571899413,
    28.921211624145506,
    41.61159226894379,
    30.809106063842773,
    29.953649616241456,
    28.10941572189331,
    33.944397354125975,
    25.235173416137695,
    34.97597808837891,
    29.554048347473145,
    33.304480934143065,
    35.5095778465271,
    38.709906005859374,
    27.493924617767334,
    36.59159564971924,
    32.005188369750975,
    33.04085350036621,
    36.82762908935547,
    35.70050439834595,
    30.1498984336853,
    30.60241413116455,
    28.428543281555175,
    29.549768447875977,
    34.05400409698486,
    32.8121244430542,
    32.35313968658447,
    30.057187843322755,
    32.15493659973144,
    34.114717960357666,
    36.52676506042481,
    32.8657205581665,
    33.75188522338867,
    32.26787643432617
  ],
  "best_val_loss": 25.235173416137695,
  "burst_threshold": 62.58107952945664
}