{
  "grid_rank": 3,
  "grid_x": 79,
  "grid_y": 97,
  "variant": "wide",
  "variant_name": "Wide ResNet",
  "train_loss": [
    54.91778302722507,
    34.76611323886448,
    30.749484697977703,
    27.69068826039632,
    27.449507882859972,
    20.775108263227676,
    25.241303231981064,
    25.06713129679362,
    17.289884991115994,
    21.75420316590203,
    20.142753023571437,
    15.21900618341234,
    19.116970364252726,
    13.991457552380032,
    15.098077578014797,
    17.01364278793335,
    10.687322971555922,
    10.715404982037015,
    11.889414607153999,
    11.456366549597846,
    15.331776062647501,
    10.357563098271688,
    10.14325771331787,
    9.575839800304836,
    7.720979997846816,
    10.011264983812968,
    8.928893820444744,
    11.138144959343805,
    10.374425103929308,
    8.553911187913682,
    6.085365788141886,
    5.634071146117316,
    4.877095701959398,
    5.207833279503716,
    4.795808638466729,
    4.235106147660149,
    3.6771991650263467,
    4.577096096674601,
    4.588466811180115,
    3.964463557137383,
    4.810881336530049,
    4.1396735244327125,
    3.6217923084894816,
    3.9467983378304377,
    3.5058838261498346,
    2.9763745917214286,
    3.3036220656500923,
    3.1545405546824137,
    3.0201019975874157,
    3.3420400036705864,
    2.952495210700565,
    3.366324800915188,
    3.2844460672802396,
    3.2263107432259455,
    2.319743537902832,
    2.454584007793003
  ],
  "val_loss": [
    11.619607210159302,
    6.529523253440857,
    8.240175724029541,
    6.004088044166565,
    6.357975125312805,
    5.7108142375946045,
    7.509367227554321,
    6.118225336074829,
    5.812465310096741,
    5.795096933841705,
    5.638537645339966,
    5.721155047416687,
    5.808026432991028,
    5.820019960403442,
    6.163232445716858,
    5.931827902793884,
    6.181224584579468,
    6.402397871017456,
    5.557375133037567,
    6.615752339363098,
    5.9720048904418945,
    5.870518445968628,
    6.28734827041626,
    5.808732867240906,
    6.39960777759552,
    5.765647768974304,
    5.725444316864014,
    6.437542796134949,
    5.803116202354431,
    6.132011771202087,
    5.340071380138397,
    5.987352609634399,
    6.022786617279053,
    5.919384121894836,
    6.409059643745422,
    5.94566684961319,
    5.708741784095764,
    6.024505615234375,
    5.795286655426025,
    5.946254730224609,
    5.785983443260193,
    5.781714200973511,
    6.188947081565857,
    6.156827449798584,
    6.062068700790405,
    6.00979471206665,
    5.951332211494446,
    6.265214204788208,
    6.1772119998931885,
    6.024843335151672,
    5.998271882534027,
    5.9883140325546265,
    6.214287161827087,
    5.987665176391602,
    6.006214737892151,
    5.994930863380432
  ],
  "best_val_loss": 5.340071380138397,
  "burst_threshold": 16.63909733105116
}