{
  "grid_rank": 2,
  "grid_x": 80,
  "grid_y": 92,
  "variant": "baseline",
  "variant_name": "Baseline ResNet",
  "train_loss": [
    1419.041162109375,
    644.4803771972656,
    231.11219550238715,
    93.7823001437717,
    56.74536942376031,
    54.48555539449056,
    55.02930687798394,
    49.055447048611114,
    47.52806574503581,
    52.803378168741865,
    49.08492762247722,
    42.64650399949816,
    42.61452522277832,
    44.70996882120768,
    41.19308857387966,
    39.52674496968587,
    35.55275544060601,
    35.22273695203993,
    40.04695434570313,
    35.353187561035156,
    33.70763655768501,
    32.960345670912,
    35.44382459852431,
    33.2437259250217,
    31.812812847561307,
    29.789654456244573,
    33.8671175426907,
    31.723402976989746,
    27.422221522861058,
    27.787212477789986,
    31.61071976555718,
    27.812887212965222,
    28.63610814412435,
    27.588787841796876,
    28.249428494771323,
    27.456060303582085,
    26.656770324707033,
    25.53636186387804,
    25.16679655710856,
    21.396110852559406,
    19.804083251953124,
    18.948470073276095,
    19.339207140604653,
    20.594388410780166,
    20.76161739561293,
    19.36670576731364,
    18.69961953692966,
    19.595780732896593,
    18.4268707063463,
    18.3925402853224,
    16.89953155517578,
    15.510287729899089,
    15.313247034284803
  ],
  "val_loss": [
    713.3001052856446,
    236.9023422241211,
    130.7248327255249,
    44.280432891845706,
    42.43978815078735,
    33.04616279602051,
    31.260817527770996,
    32.65645771026611,
    32.692315101623535,
    30.541753387451173,
    30.462064838409425,
    29.247793102264403,
    29.908030033111572,
    29.728460693359374,
    38.64472408294678,
    30.101191520690918,
    31.549245071411132,
    32.750522232055665,
    34.7932936668396,
    39.59676446914673,
    27.545115756988526,
    30.16715087890625,
    36.813437938690186,
    32.99198474884033,
    34.76463193893433,
    27.519173908233643,
    24.84654321670532,
    24.30002393722534,
    27.07587614059448,
    28.296737957000733,
    29.168412017822266,
    39.67578811645508,
    27.3923828125,
    29.242043685913085,
    36.33138628005982,
    30.28718557357788,
    28.137860584259034,
    26.76002597808838,
    28.28751935958862,
    27.179878425598144,
    29.52276153564453,
    28.5432541847229,
    31.173645782470704,
    25.633596420288086,
    26.689050483703614,
    26.90453186035156,
    32.146618366241455,
    27.08453950881958,
    31.403067207336427,
    27.262138462066652,
    28.806816196441652,
    30.36403160095215,
    30.766795349121093
  ],
  "best_val_loss": 24.30002393722534,
  "burst_threshold": 62.58107952945664
}