{
  "grid_rank": 1,
  "grid_x": 80,
  "grid_y": 95,
  "variant_name": "gelu",
  "variant_description": "3 blocks, 128 hidden, GELU",
  "train_losses": [
    2944.069150119358,
    1336.8321668836807,
    693.0344499376085,
    358.3275909423828,
    207.2482410007053,
    121.67511088053385,
    121.85171491834852,
    105.55620998806424,
    96.23758104112413,
    101.42784610324436,
    88.15038833618163,
    81.56923836602105,
    73.32527533637153,
    77.80175221761068,
    73.94067713419597,
    67.68814960055882,
    64.99578285217285,
    65.54782346089681,
    66.88886074490017,
    58.10653627183702,
    55.32175081041124,
    48.15619320339627,
    56.00032797919379,
    53.84932077195909,
    68.2756479051378,
    49.68613412645128,
    46.12476136949327,
    47.89814745585124,
    52.83686904907226,
    46.48068983289931,
    43.42991939120822,
    44.55701264275445,
    43.53785300784641,
    48.20398152669271,
    45.443637975056966,
    38.45956908331977,
    43.265320460001625,
    35.553460862901474,
    39.895009422302245,
    36.894115659925674,
    34.65516866048177,
    31.093323728773328,
    29.69612236022949,
    27.977197308010524,
    25.450067901611327,
    30.60744438171387,
    29.21123483445909,
    26.739172426859536,
    26.41533989376492,
    24.713393529256184,
    30.5232122209337,
    24.605304061041938,
    24.289073032803007,
    23.247390853034126,
    21.22408307393392,
    19.749884414672852,
    20.895997852749296,
    23.164019054836697,
    21.618242941962347,
    23.04746108584934,
    20.157672479417588,
    20.5168117735121,
    21.981468772888185,
    19.335744878980847,
    19.95851058959961,
    20.67739560869005,
    18.859950404696995,
    17.532756402757432,
    19.166881370544434,
    19.461315409342447,
    18.132298130459255,
    19.508436648050942,
    17.31017803615994,
    18.373336346944175,
    16.629517110188804,
    17.898201518588596,
    18.05982167985704
  ],
  "val_losses": [
    1728.3285127527574,
    833.6328144583473,
    360.96190206762304,
    182.7249792578386,
    88.89212566518529,
    74.15272099704029,
    53.676248887005976,
    58.45163573810761,
    68.06106273630724,
    57.79254725655132,
    52.54899527809837,
    68.4173384477748,
    58.59009558121788,
    54.463036277077414,
    56.43726463113877,
    52.67108847878196,
    51.95164526465105,
    56.09042756187725,
    50.919731364530676,
    52.72988008305351,
    51.14957346380713,
    53.638283306264626,
    54.96261627278864,
    59.28912914500517,
    51.37594518814495,
    57.81309978464708,
    54.54711365317279,
    51.523145971451214,
    50.73377565394111,
    68.60916011218718,
    54.554275492295865,
    54.376917650355374,
    71.19659854256533,
    65.77107332607004,
    58.41705797572824,
    51.78054011951793,
    59.59175344456963,
    54.64955822541752,
    52.257230156883196,
    57.39829323508523,
    56.49110594152767,
    58.43398211474087,
    50.988308401668775,
    52.318903265152386,
    54.52486566553779,
    51.52282414971826,
    51.630627229251964,
    53.830818380264034,
    53.62870119472238,
    53.69326906663211,
    53.56830607123553,
    49.84875006854215,
    51.257005354937384,
    51.15169831138244,
    53.28750257441067,
    54.58546376355829,
    54.200575007474356,
    52.92117103535861,
    51.945713410403,
    52.810079564385234,
    51.830814687963475,
    54.2062806930134,
    55.34294942356048,
    52.690876925055356,
    51.84999608738537,
    52.62511115660642,
    53.260946365601235,
    53.28929958241508,
    51.12416827359939,
    54.69282158428335,
    54.133077611260234,
    53.1432807636771,
    53.299314611098346,
    55.68355741857845,
    54.701125935437204,
    54.45516333350523,
    55.62896471482547
  ],
  "best_val_loss": 49.84875006854215,
  "final_epoch": 77,
  "train_time_seconds": 56.22131609916687,
  "burst_threshold": 57.504463852658155
}