{
  "grid_rank": 3,
  "grid_x": 79,
  "grid_y": 97,
  "variant": "deep",
  "variant_name": "Deep ResNet",
  "train_loss": [
    69.32577209472656,
    32.09008549584283,
    32.607366222805446,
    28.22988682852851,
    29.587256728278266,
    25.89839832517836,
    24.474259016248915,
    23.510920270284018,
    27.04393825531006,
    23.728544023301865,
    22.63147654003567,
    16.797872458563912,
    16.41560100449456,
    15.410334004296196,
    20.19438934855991,
    19.039120303259956,
    17.890827502144706,
    15.614582591586643,
    16.311031410429212,
    12.707372268040976,
    17.7248507393731,
    11.79255379570855,
    10.067672512266371,
    11.99097105662028,
    8.956476195653279,
    9.431437725490994,
    8.102649158901638,
    9.870676602257623,
    9.425433503256905,
    8.381581174002754,
    9.049708069695367,
    10.758732594384087,
    7.036867570877075,
    7.572511906094022,
    7.3516484578450525,
    5.9390915075937905
  ],
  "val_loss": [
    13.7859548330307,
    9.399487614631653,
    7.467576384544373,
    6.213850975036621,
    7.246405124664307,
    6.760611295700073,
    5.7698898911476135,
    6.08103334903717,
    5.9965397119522095,
    6.9468724727630615,
    5.410637438297272,
    6.089917004108429,
    6.236803770065308,
    6.448544383049011,
    6.194563210010529,
    6.639337182044983,
    6.439690709114075,
    6.306871175765991,
    6.10615086555481,
    6.466095685958862,
    6.042079448699951,
    6.287327170372009,
    6.328108072280884,
    6.16411292552948,
    5.914955139160156,
    6.411071062088013,
    5.867465853691101,
    5.693183779716492,
    6.089531242847443,
    5.6115071177482605,
    5.812678694725037,
    5.546972632408142,
    5.8512924909591675,
    5.9824835658073425,
    5.912935197353363,
    6.422623157501221
  ],
  "best_val_loss": 5.410637438297272,
  "burst_threshold": 16.63909733105116
}